scenario,K,tier,seed,wall_sec,drv_arrival_ia_cv2,drv_arrival_ia_mean_sec,drv_arrival_peak10_over_mean,drv_backlog_max,drv_dispatch_queue_max,drv_ev1_pax_max,drv_ev1_pax_mean,drv_ev1_queue_max,drv_ev1_queue_mean,drv_ev2_pax_ge12_frac,drv_ev2_pax_max,drv_ev2_pax_mean,drv_ev2_queue_max,drv_ev2_queue_mean,drv_evwait_down_p95_sec,drv_evwait_up_p95_sec,drv_fallback_cum_final,drv_fallback_n,drv_floor_mean,drv_n_bike,drv_n_car,drv_n_walk,drv_peds_waiting_max,drv_peds_waiting_mean,drv_rider_wait_max_sec,drv_rider_wait_mean_sec,drv_riders_in_building_max,drv_riders_in_building_mean,drv_share_floor_le5,drv_stairs_share,drv_walked_m_mean,kpi.building.capex_total_krw,kpi.building.cost_per_order_krw,kpi.building.opex_running_krw,kpi.building.opex_running_krw_delivery,kpi.building.opex_running_krw_orderspan,kpi.building.w_ev_mean_all_sec,kpi.building.w_ev_mean_riders_sec,kpi.customer.n_delivered,kpi.customer.n_orders,kpi.customer.n_sla_violations,kpi.customer.sla_violation_rate,kpi.customer.t_e2e_mean_sec,kpi.customer.t_e2e_p95_sec,kpi.elevator.EV1.capacity_violations,kpi.elevator.EV1.mean_passengers_delivery,kpi.elevator.EV1.n_alights,kpi.elevator.EV1.n_boardings,kpi.elevator.EV1.utilization,kpi.elevator.EV1.utilization_delivery,kpi.elevator.EV1.utilization_orderspan,kpi.elevator.EV1.w_ev_mean_sec,kpi.elevator.EV1.w_ev_p95_sec,kpi.elevator.EV2.capacity_violations,kpi.elevator.EV2.mean_passengers_delivery,kpi.elevator.EV2.n_alights,kpi.elevator.EV2.n_boardings,kpi.elevator.EV2.utilization,kpi.elevator.EV2.utilization_delivery,kpi.elevator.EV2.utilization_orderspan,kpi.elevator.EV2.w_ev_mean_sec,kpi.elevator.EV2.w_ev_p95_sec,kpi.elevator.EV3.capacity_violations,kpi.elevator.EV3.mean_passengers_delivery,kpi.elevator.EV3.n_alights,kpi.elevator.EV3.n_boardings,kpi.elevator.EV3.utilization,kpi.elevator.EV3.utilization_delivery,kpi.elevator.EV3.utilization_orderspan,kpi.elevator.EV3.w_ev_mean_sec,kpi.elevator.EV3.w_ev_p95_sec,kpi.elevator.EV4.capacity_violations,kpi.elevator.EV4.mean_passengers_delivery,kpi.elevator.EV4.n_alights,kpi.elevator.EV4.n_boardings,kpi.elevator.EV4.utilization,kpi.elevator.EV4.utilization_delivery,kpi.elevator.EV4.utilization_orderspan,kpi.elevator.EV4.w_ev_mean_sec,kpi.elevator.EV4.w_ev_p95_sec,kpi.pedestrian.ev_wait_mean_sec,kpi.pedestrian.n_completed,kpi.pedestrian.n_in_building_at_end,kpi.pedestrian.n_spawned,kpi.rider.ev_wait_down_mean_sec,kpi.rider.ev_wait_up_mean_sec,kpi.rider.lobby_cost_total_krw,kpi.rider.n_by_mode.elevator,kpi.rider.n_by_mode.stairs,kpi.rider.n_exited,kpi.rider.t_lobby_mean_sec,kpi.rider.t_lobby_p95_sec,kpi.simulation.clock_end_sec,kpi.simulation.clock_start_sec,kpi.simulation.delivery_window_sec,kpi.simulation.orderspan_window_sec,kpi.simulation.ped_window_sec,kpi.simulation.scenario_window,kpi.simulation.terminated_by_cap,kpi.simulation.termination_policy,kpi.simulation.termination_reason,kpi.simulation.ticks,kpi.simulation.wall_span_delivery_sec,kpi.simulation.wall_span_orderspan_sec,kpi.simulation.wall_span_sec,kpi.simulation.warmup.head_sec,kpi.simulation.warmup.lookback_sec,kpi.simulation.warmup.ped_boardings_per_min,kpi.simulation.warmup.peds_at_first_order,kpi.simulation.warmup.peds_waiting_at_first_order,kpi.simulation.warmup.util_at_first_order,kpi.simulation.warmup_sec,kpi.simulation.window_policy
K50_1,50,primary,42,0.7,1.0239,97.22,1.76,28,0,4,0.727,5,0.851,0.0,6,0.734,7,0.843,69.6,57.599999999999994,5,5,6.48,45,5,0,13,2.986,0.0,0.0,9,2.258,0.3,0.1,44.44,0.0,589.6,29479.4,29479.4,29366.1,23.11023622047244,28.7,50,50,0,0.0,1594.86,2304.2,0,0.735746764603008,226,228,0.844571066793289,0.8490731024833857,0.8476879632897988,22.94736842105263,63.64999999999998,0,0.7506121021336132,230,230,0.824628046850269,0.8462749213011542,0.8448641016590187,21.46086956521739,56.54999999999998,0,0.7667016439314446,215,216,0.7841088952200064,0.8083245890171389,0.8065654782915637,24.47222222222222,65.25,0,0.7123119972018188,214,215,0.8095916429249762,0.832109129066107,0.8305683021531945,23.67906976744186,62.29999999999998,22.408575031525853,793,15,808,31.866666666666667,25.533333333333335,29479.4,45,5,50,256.96,344.55,47125.0,40807.0,"[41407.0, 47125.0]","[41407.0, 47073.0]","[40807.0, 51979.0]",True,False,delivery_complete,delivery_complete,6318,5718.0,5666.0,6318.0,600.0,300.0,6.2,7,3,0.5966666666666667,600.0,delivery
K50_1,50,primary,7,0.69,1.0239,97.22,1.76,28,0,5,0.773,6,0.895,0.0,4,0.655,4,0.633,63.5,53.25,5,5,6.18,45,5,0,11,2.668,0.0,0.0,9,2.168,0.42,0.08,43.04,0.0,567.1,28356.1,28356.1,28176.1,21.461988304093566,25.184782608695652,50,50,0,0.0,1586.86,2314.0499999999997,0,0.7701668984700973,227,228,0.8054156171284634,0.8139777468706537,0.8139329805996472,23.885964912280702,65.64999999999998,0,0.6535118219749653,203,203,0.7591309823677582,0.7788595271210014,0.7790123456790123,18.763546798029555,53.89999999999998,0,0.6514255910987483,209,209,0.7766057934508817,0.8158901251738526,0.8132275132275132,20.363636363636363,50.599999999999994,0,0.6955841446453408,215,215,0.7651133501259446,0.7958970792767733,0.7948853615520283,22.506976744186048,55.89999999999995,21.03543307086614,762,6,768,32.02173913043478,18.347826086956523,28356.1,46,4,50,247.56,313.4,47159.0,40807.0,"[41407.0, 47159.0]","[41407.0, 47077.0]","[40807.0, 51979.0]",True,False,delivery_complete,delivery_complete,6352,5752.0,5670.0,6352.0,600.0,300.0,5.6,8,3,0.5683333333333334,600.0,delivery
K50_1,50,primary,2026,0.69,1.0219,97.22,1.76,28,0,6,0.679,6,0.731,0.0,4,0.63,4,0.651,72.0,62.0,4,4,6.14,46,4,0,11,2.604,0.0,0.0,8,2.127,0.42,0.18,43.84,0.0,560.2,28010.6,28010.6,27803.9,21.497062279670974,26.682926829268293,50,50,0,0.0,1586.64,2329.0,0,0.6781411359724613,216,216,0.7722308892355694,0.7738382099827883,0.7701189643107068,20.962962962962962,65.0,0,0.6366609294320138,203,205,0.7510140405616225,0.7595524956970741,0.7555983205038489,19.88780487804878,56.79999999999998,0,0.6896729776247849,214,217,0.7628705148205929,0.7965576592082616,0.7932120363890833,23.262672811059907,68.39999999999998,0,0.6755593803786575,213,213,0.7828393135725429,0.8010327022375215,0.7979356193142058,21.788732394366196,63.39999999999998,20.818897637795274,762,13,775,28.73170731707317,24.634146341463413,28010.6,41,9,50,245.08,344.4,47217.0,40807.0,"[41407.0, 47217.0]","[41407.0, 47123.0]","[40807.0, 51979.0]",True,False,delivery_complete,delivery_complete,6410,5810.0,5716.0,6410.0,600.0,300.0,6.4,13,4,0.6075,600.0,delivery
K50_2,50,primary,42,0.7,1.2508,98.02,1.8,24,0,4,0.735,5,0.846,0.0,4,0.776,5,0.86,51.19999999999999,51.999999999999986,8,8,6.48,42,7,1,11,3.089,0.0,0.0,8,2.051,0.3,0.1,44.36,0.0,570.0,28498.2,28498.2,28433.8,22.75581395348837,22.677777777777777,50,50,0,0.0,1607.46,2531.7999999999997,0,0.7338642774182844,239,239,0.8699260600573412,0.8767214202754272,0.8761047190261797,22.723849372384937,59.19999999999999,0,0.775012444001991,238,238,0.8171118153010412,0.8369006139040982,0.8360847090211773,22.218487394957982,59.0,0,0.7272274763563962,225,226,0.8149992455107892,0.8410486145677784,0.840253460063365,22.305309734513273,61.5,0,0.805043968807035,242,243,0.8287309491474272,0.8519993363198938,0.8512589628147407,23.732510288065843,61.499999999999886,22.684272300469484,852,7,859,24.08888888888889,21.266666666666666,28498.2,45,5,50,246.64,309.65,47453.0,40826.0,"[41426.0, 47453.0]","[41426.0, 47423.0]","[40826.0, 52115.0]",True,False,delivery_complete,delivery_complete,6627,6027.0,5997.0,6627.0,600.0,300.0,6.2,7,3,0.5966666666666667,600.0,delivery
K50_2,50,primary,7,0.71,1.0828,98.02,1.98,24,0,4,0.76,5,0.815,0.0,5,0.668,6,0.73,60.25,52.25,7,7,6.18,43,7,0,12,2.614,0.0,0.0,7,2.031,0.42,0.08,43.48,0.0,570.8,28539.4,28539.4,28348.3,20.943169398907102,23.902173913043477,50,50,0,0.0,1595.88,2567.4999999999995,0,0.7562530652280529,242,242,0.8027393181479827,0.8105280366192578,0.809452736318408,21.94214876033058,60.89999999999998,0,0.6843223802517574,220,221,0.7740062527914248,0.7940166748406081,0.7910447761194029,21.506787330316744,61.0,0,0.6552231486022561,219,220,0.7491439630787554,0.7833905509236554,0.7802653399668324,20.5,58.04999999999998,0,0.7111329082883766,232,232,0.7911269912163168,0.8226254700016348,0.8200663349917081,19.78448275862069,55.44999999999999,20.535365853658536,820,9,829,29.32608695652174,18.47826086956522,28539.4,46,4,50,246.64,308.15,47543.0,40826.0,"[41426.0, 47543.0]","[41426.0, 47456.0]","[40826.0, 52115.0]",True,False,delivery_complete,delivery_complete,6717,6117.0,6030.0,6717.0,600.0,300.0,5.6,8,3,0.5683333333333334,600.0,delivery
K50_2,50,primary,2026,0.69,1.0769,98.02,1.98,24,0,4,0.663,4,0.847,0.0,4,0.655,5,0.735,58.0,63.0,7,7,6.14,43,7,0,10,2.882,0.0,0.0,7,1.989,0.42,0.18,44.2,0.0,558.7,27936.7,27936.7,27770.0,22.60762331838565,21.78048780487805,50,50,0,0.0,1595.24,2545.7499999999995,0,0.6662301522344083,224,224,0.8087643464003578,0.8138811589458177,0.8120338140228742,24.589285714285715,64.0,0,0.6503519397610084,212,212,0.7704575942763452,0.7804878048780488,0.7840212166418035,22.03301886792453,58.0,0,0.6734326403666722,229,229,0.7592785810105828,0.7909641512522507,0.7933034974307973,21.43231441048035,57.0,0,0.7042069078408905,227,227,0.7670293635415114,0.7827795056474055,0.7800430963036632,22.374449339207047,65.0,22.637376237623762,808,4,812,25.75609756097561,17.804878048780488,27936.7,41,9,50,241.52,307.15,47535.0,40826.0,"[41426.0, 47535.0]","[41426.0, 47459.0]","[40826.0, 52115.0]",True,False,delivery_complete,delivery_complete,6709,6109.0,6033.0,6709.0,600.0,300.0,6.4,13,4,0.6075,600.0,delivery
K100_1,100,primary,42,0.94,2.4061,56.73,1.9,51,0,7,0.819,7,1.009,0.0,5,0.894,6,1.043,69.69999999999999,58.24999999999997,5,5,6.26,95,5,0,13,3.234,0.0,0.0,12,3.929,0.36,0.16,43.04,0.0,557.7,55768.3,55768.3,55550.6,24.67488151658768,27.535714285714285,100,100,0,0.0,1664.53,2508.75,0,0.8144540455616653,274,274,0.8834170854271357,0.8911233307148468,0.8935525055857007,24.467153284671532,63.349999999999966,0,0.8945797329143755,275,276,0.8611629576453697,0.8840534171249018,0.8833386530481966,24.692028985507246,64.25,0,0.8053417124901807,253,253,0.8278535534816942,0.8537313432835821,0.8573252473667411,26.09486166007905,72.0,0,0.7646504320502749,251,252,0.8354630294328786,0.8581304006284368,0.8558889243536546,23.456349206349206,70.89999999999998,24.105084745762714,885,5,890,31.80952380952381,23.261904761904763,55768.3,84,16,100,247.19,314.0,47765.0,40800.0,"[41400.0, 47765.0]","[41400.0, 47666.0]","[40800.0, 52100.0]",True,False,delivery_complete,delivery_complete,6965,6365.0,6266.0,6965.0,600.0,300.0,6.2,7,3,0.5966666666666667,600.0,delivery
K100_1,100,primary,7,0.94,2.3617,56.73,1.9,52,0,5,0.786,6,0.957,0.0,5,0.781,5,0.976,62.0,62.79999999999998,6,6,5.93,94,6,0,13,3.257,0.0,0.0,11,3.884,0.46,0.11,43.8,0.0,553.1,55308.9,55308.9,55166.7,25.037644787644787,24.97752808988764,100,100,0,0.0,1664.43,2516.35,0,0.7967197602901751,254,256,0.8340296787206455,0.8445040214477212,0.84289356277884,25.25,67.25,0,0.7766913736003785,265,265,0.8227921048840224,0.8467118750985649,0.8451242829827916,24.150943396226417,62.599999999999966,0,0.7822110077274878,257,257,0.820919175911252,0.8607475161646428,0.8604206500956023,23.801556420233464,66.19999999999999,0,0.8277874152341902,258,258,0.8410891802333957,0.8762024917205488,0.875717017208413,26.968992248062015,63.0,24.83859649122807,855,8,863,28.325842696629213,21.629213483146067,55308.9,89,11,100,244.44,309.2,47741.0,40800.0,"[41400.0, 47741.0]","[41400.0, 47676.0]","[40800.0, 52100.0]",True,False,delivery_complete,delivery_complete,6941,6341.0,6276.0,6941.0,600.0,300.0,5.6,8,3,0.5683333333333334,600.0,delivery
K100_1,100,primary,2026,0.9,2.3727,56.73,1.9,51,0,6,0.84,7,1.0,0.0,5,0.732,5,1.001,81.55000000000003,61.95,5,5,5.99,95,5,0,13,2.979,0.0,0.0,11,3.899,0.44,0.18,43.08,0.0,554.3,55425.6,55425.6,55336.7,24.086258776328986,26.932926829268293,100,100,0,0.0,1664.35,2500.8,0,0.8373893805309734,260,261,0.8309757505773672,0.8380214917825537,0.8390329250835057,25.122605363984675,72.0,0,0.7311946902654868,244,245,0.7992205542725174,0.8116308470290771,0.8104024176872913,26.706122448979592,72.79999999999998,0,0.7195006321112516,235,237,0.7745381062355658,0.8065739570164349,0.805312549705742,21.936708860759495,62.39999999999998,0,0.7891908975979772,253,254,0.7915704387990762,0.809102402022756,0.8097661841895976,22.5,66.04999999999998,23.584541062801932,828,6,834,31.085365853658537,22.78048780487805,55425.6,82,18,100,245.55,327.1,47728.0,40800.0,"[41400.0, 47728.0]","[41400.0, 47687.0]","[40800.0, 52100.0]",True,False,delivery_complete,delivery_complete,6928,6328.0,6287.0,6928.0,600.0,300.0,6.4,13,4,0.6075,600.0,delivery
K100_2,100,primary,42,0.96,2.8284,57.76,1.9,48,0,5,0.832,6,1.08,0.0,7,0.813,9,1.025,70.85,73.69999999999999,5,5,6.26,95,5,0,15,3.394,0.0,0.0,12,3.817,0.36,0.16,43.14,0.0,570.7,57072.2,57072.2,56992.2,26.044871794871796,29.922619047619047,100,100,0,0.0,1603.15,2458.3499999999995,0,0.833108006609584,284,285,0.8765330026181618,0.8832807570977917,0.8826283987915408,26.32982456140351,69.0,0,0.8177857893946222,270,271,0.8262367369436406,0.8449752140603876,0.8441087613293051,25.498154981549817,70.0,0,0.8180862250262881,265,265,0.8416701116163704,0.8676581042511642,0.8681268882175227,27.486792452830187,67.0,0,0.8252966801862701,270,271,0.8331266363511093,0.8545891542736969,0.8537764350453172,24.881918819188193,70.5,25.367791077257888,919,10,929,32.857142857142854,26.988095238095237,57072.2,84,16,100,253.08,318.29999999999995,48131.0,40874.0,"[41474.0, 48131.0]","[41474.0, 48094.0]","[40874.0, 52185.0]",True,False,delivery_complete,delivery_complete,7257,6657.0,6620.0,7257.0,600.0,300.0,6.2,7,3,0.5966666666666667,600.0,delivery
K100_2,100,primary,7,0.97,2.7657,57.76,1.8,47,0,7,0.846,8,1.013,0.0,5,0.834,6,1.013,73.79999999999998,53.79999999999998,4,4,5.93,96,4,0,12,3.075,0.0,0.0,12,3.702,0.46,0.11,44.04,0.0,553.7,55373.9,55373.9,55271.7,23.919369786839667,25.359550561797754,100,100,0,0.0,1594.66,2480.1499999999996,0,0.8419712402636309,289,290,0.8416712479384277,0.8523067705212702,0.853220696937698,24.486206896551725,66.55000000000001,0,0.8304373876572798,277,277,0.8372732270478285,0.8612941881366087,0.8619701312415146,25.061371841155236,69.19999999999999,0,0.7276812462552427,246,247,0.7772127542605828,0.811114439784302,0.8161110273042691,24.040485829959515,61.0,0,0.7748651887357699,265,265,0.7762506871907642,0.8037747153984421,0.8047971036355408,21.99245283018868,63.0,23.658509454949943,899,8,907,30.0561797752809,20.662921348314608,55373.9,89,11,100,245.91,329.4,48150.0,40874.0,"[41474.0, 48150.0]","[41474.0, 48103.0]","[40874.0, 52185.0]",True,False,delivery_complete,delivery_complete,7276,6676.0,6629.0,7276.0,600.0,300.0,5.6,8,3,0.5683333333333334,600.0,delivery
K100_2,100,primary,2026,0.94,2.6898,57.76,1.9,47,0,5,0.732,6,0.884,0.0,5,0.749,6,0.957,73.9,78.70000000000002,4,4,5.99,96,4,0,14,2.984,0.0,0.0,12,3.723,0.44,0.18,43.32,0.0,550.3,55032.2,55032.2,54941.1,24.334970530451866,26.463414634146343,100,100,0,0.0,1598.22,2436.8499999999995,0,0.7391304347826086,247,249,0.7803082905152062,0.7824572034540221,0.781064186613813,24.449799196787147,74.6,0,0.7456445993031359,254,255,0.7776697680877656,0.7876079381911831,0.7903643848147583,25.545098039215688,75.0,0,0.7444326617179216,247,247,0.751145674211915,0.7797303438872898,0.7841134319255985,22.995951417004047,69.0,0,0.7851840630207544,265,267,0.7983613387029579,0.815785487047417,0.8146058850434518,24.310861423220974,69.09999999999997,23.97997644287397,849,12,861,30.329268292682926,22.597560975609756,55032.2,82,18,100,244.61,324.25,48075.0,40874.0,"[41474.0, 48075.0]","[41474.0, 48033.0]","[40874.0, 52185.0]",True,False,delivery_complete,delivery_complete,7201,6601.0,6559.0,7201.0,600.0,300.0,6.4,13,4,0.6075,600.0,delivery
K100_3,100,primary,42,0.81,0.8587,44.78,1.76,43,0,5,0.856,5,1.139,0.0,6,0.899,6,1.214,80.0,62.849999999999994,3,3,6.26,97,3,0,14,3.499,0.0,0.0,12,4.765,0.36,0.16,43.28,0.0,777.3,77727.2,77727.2,77540.8,27.094874591057795,31.571428571428573,100,100,0,0.0,1308.74,2058.45,0,0.8541316918485358,239,239,0.9213219258513672,0.9347136728222346,0.9363380281690141,26.782426778242677,68.1,0,0.8974072001492259,231,231,0.8621036738802215,0.889386308524529,0.8886384976525822,28.545454545454547,75.5,0,0.8662562954672636,226,227,0.8436503942291562,0.8761425107256109,0.875868544600939,26.277533039647576,68.0,0,0.8515202387614251,219,220,0.8407985237376279,0.8683081514642791,0.867981220657277,26.754545454545454,75.0,26.136729222520106,746,6,752,38.845238095238095,24.297619047619047,77727.2,84,16,100,254.38,334.0,46789.0,40828.0,"[41428.0, 46789.0]","[41428.0, 46753.0]","[40828.0, 52113.0]",True,False,delivery_complete,delivery_complete,5961,5361.0,5325.0,5961.0,600.0,300.0,6.2,7,3,0.5966666666666667,600.0,delivery
K100_3,100,primary,7,0.8,0.8806,44.78,1.76,44,0,4,0.835,5,1.04,0.0,5,0.801,6,1.04,61.599999999999994,63.599999999999994,2,2,5.93,98,2,0,13,3.245,0.0,0.0,11,4.58,0.46,0.11,43.94,0.0,750.6,75059.7,75059.7,74968.1,25.778275475923852,26.578651685393258,100,100,0,0.0,1306.47,1942.3999999999996,0,0.8329311304993503,231,231,0.8799064640053449,0.8973454612957119,0.8973114264376401,25.7012987012987,66.0,0,0.7980322999814368,229,229,0.8359779522298313,0.8656023760905884,0.864824495892457,25.305676855895197,61.0,0,0.8056432151475775,221,221,0.8329714381159178,0.8811954705773157,0.883495145631068,26.36651583710407,67.0,0,0.773900129942454,210,212,0.813095039251712,0.8513087061444218,0.8504480955937267,25.75943396226415,59.44999999999999,25.50210378681627,713,9,722,29.764044943820224,23.39325842696629,75059.7,89,11,100,245.65,309.25,46815.0,40828.0,"[41428.0, 46815.0]","[41428.0, 46784.0]","[40828.0, 52113.0]",True,False,delivery_complete,delivery_complete,5987,5387.0,5356.0,5987.0,600.0,300.0,5.6,8,3,0.5683333333333334,600.0,delivery
K100_3,100,primary,2026,0.78,0.861,44.78,1.76,43,0,6,0.877,6,1.056,0.0,6,0.778,6,0.98,62.0,64.9,2,2,5.99,98,2,0,12,2.964,0.0,0.0,11,4.6,0.44,0.18,43.32,0.0,751.2,75117.8,75117.8,74980.3,24.293714285714287,28.23170731707317,100,100,0,0.0,1306.61,1979.9999999999995,0,0.8741401747536717,233,234,0.8457936109717344,0.8557352667782115,0.8565535345959122,25.243589743589745,68.39999999999998,0,0.7791411042944786,226,227,0.8208730556949323,0.8378880832868563,0.8364897806112882,24.066079295154186,66.69999999999999,0,0.7109128090723182,204,204,0.7758822545576183,0.8137200223089793,0.8196137258578661,23.82843137254902,63.849999999999994,0,0.7709611451942741,210,210,0.7909349389530022,0.8114891243725599,0.8145509094318395,23.933333333333334,63.099999999999966,23.440056417489423,709,9,718,30.658536585365855,25.804878048780488,75117.8,82,18,100,245.84,327.15,46807.0,40828.0,"[41428.0, 46807.0]","[41428.0, 46761.0]","[40828.0, 52113.0]",True,False,delivery_complete,delivery_complete,5979,5379.0,5333.0,5979.0,600.0,300.0,6.4,13,4,0.6075,600.0,delivery
K100_4,100,primary,42,0.9,2.2916,54.91,2.6,52,0,6,0.916,6,1.121,0.0,5,0.836,6,1.164,68.85,73.85,6,6,6.26,94,6,0,14,3.688,0.0,0.0,15,4.055,0.36,0.16,43.26,0.0,765.7,76569.2,76569.2,76434.7,27.456479690522244,28.267857142857142,100,100,0,0.0,1346.44,2151.7999999999997,0,0.9092225977788508,279,279,0.8819903126376046,0.8897473040399163,0.8962386511024644,25.985663082437277,72.09999999999997,0,0.832609045549654,266,266,0.8470570967268457,0.8691453404152584,0.8714332036316472,27.428571428571427,72.0,0,0.8226299694189603,252,252,0.8571847937766035,0.8865282472235635,0.8871595330739299,28.916666666666668,75.44999999999999,0,0.7625945597939804,237,237,0.8171143402319095,0.8385643006599066,0.8441958495460441,27.666666666666668,68.39999999999998,27.29907621247113,866,3,869,30.714285714285715,25.821428571428573,76569.2,84,16,100,250.59,315.2,47630.0,40817.0,"[41417.0, 47630.0]","[41417.0, 47585.0]","[40817.0, 52183.0]",True,False,delivery_complete,delivery_complete,6813,6213.0,6168.0,6813.0,600.0,300.0,6.2,7,3,0.5966666666666667,600.0,delivery
K100_4,100,primary,7,0.91,2.2563,54.91,2.6,52,0,8,0.815,9,0.974,0.0,5,0.824,6,1.092,60.599999999999994,66.39999999999998,5,5,5.93,95,5,0,14,3.22,0.0,0.0,14,3.982,0.46,0.11,43.98,0.0,757.9,75786.9,75786.9,75603.6,25.08373904576436,26.224719101123597,100,100,0,0.0,1343.38,2155.7499999999995,0,0.8159069174370418,266,267,0.8380855397148677,0.8490596110934013,0.8475776597456945,24.337078651685392,59.0,0,0.8230793751992349,259,261,0.8549607215594995,0.8822123047497609,0.8810558506357637,27.09961685823755,76.0,0,0.779725852725534,246,247,0.8105906313645621,0.8498565508447561,0.8483824239497827,25.76923076923077,61.0,0,0.8154287535862289,252,252,0.8068082630200757,0.8390181702263309,0.8374376307741832,23.115079365079364,61.0,24.775147928994084,845,12,857,29.49438202247191,22.95505617977528,75786.9,89,11,100,248.03,311.54999999999995,47691.0,40817.0,"[41417.0, 47691.0]","[41417.0, 47630.0]","[40817.0, 52183.0]",True,False,delivery_complete,delivery_complete,6874,6274.0,6213.0,6874.0,600.0,300.0,5.6,8,3,0.5683333333333334,600.0,delivery
K100_4,100,primary,2026,0.91,1.824,54.91,2.5,52,0,5,0.74,5,0.862,0.0,5,0.751,6,0.896,68.70000000000002,64.95,5,5,5.99,95,5,0,12,2.822,0.0,0.0,13,3.957,0.44,0.18,43.1,0.0,744.5,74454.7,74454.7,74222.5,22.972477064220183,26.804878048780488,100,100,0,0.0,1342.18,2130.2499999999995,0,0.7343447385409941,241,242,0.8016480282519128,0.8060038734667527,0.8114714029656184,22.99586776859504,61.89999999999998,0,0.7475790832795352,254,254,0.8512360211889347,0.8689477081988379,0.8707837705719407,22.594488188976378,62.349999999999994,0,0.7679147837314396,249,249,0.8176868746321365,0.85458360232408,0.8582369235782956,23.140562248995984,68.19999999999999,0,0.7467721110393802,236,236,0.7779576221306651,0.7945448676565526,0.7925696594427245,23.177966101694917,65.0,22.21936274509804,816,5,821,29.865853658536587,23.74390243902439,74454.7,82,18,100,243.67,313.25,47613.0,40817.0,"[41417.0, 47613.0]","[41417.0, 47554.0]","[40817.0, 52183.0]",True,False,delivery_complete,delivery_complete,6796,6196.0,6137.0,6796.0,600.0,300.0,6.4,13,4,0.6075,600.0,delivery
K100_5,100,primary,42,0.86,1.3832,51.24,1.8,45,0,8,0.899,8,1.222,0.0,4,0.78,5,1.101,82.0,66.39999999999998,0,0,6.26,100,0,0,13,3.644,0.0,0.0,14,4.348,0.36,0.16,42.98,0.0,769.5,76951.1,76951.1,76810.6,27.808121827411167,31.970238095238095,100,100,0,0.0,1371.61,2186.2999999999997,0,0.8965339739190117,253,254,0.8886123210952085,0.8975634866163349,0.8967306694343539,29.244094488188978,65.69999999999999,0,0.7831159917638985,243,243,0.862321095208463,0.8874399450926561,0.8865248226950354,26.71604938271605,65.89999999999998,0,0.8572409059711736,241,241,0.85718730553827,0.8884694577899794,0.8880816467739145,29.116182572614107,69.0,0,0.8774879890185312,247,247,0.8475420037336652,0.873541523678792,0.8725134059851237,26.129554655870447,70.79999999999995,26.95098039215686,816,9,825,38.583333333333336,25.357142857142858,76951.1,84,16,100,251.84,330.34999999999997,47274.0,40846.0,"[41446.0, 47274.0]","[41446.0, 47227.0]","[40846.0, 52184.0]",True,False,delivery_complete,delivery_complete,6428,5828.0,5781.0,6428.0,600.0,300.0,6.2,7,3,0.5966666666666667,600.0,delivery
K100_5,100,primary,7,0.85,1.3832,51.24,1.8,45,0,4,0.769,6,0.921,0.0,5,0.85,7,1.101,73.6,55.19999999999999,0,0,5.93,100,0,0,12,2.978,0.0,0.0,13,4.142,0.46,0.11,43.74,0.0,733.0,73296.7,73296.7,73159.2,23.619348054679286,24.146067415730336,100,100,0,0.0,1367.42,2200.1,0,0.7661802575107296,233,233,0.8306614785992218,0.8417167381974249,0.8404568264405606,24.489270386266096,68.39999999999998,0,0.8549356223175966,246,247,0.8529182879377432,0.8820600858369099,0.8811213012631943,26.724696356275302,67.39999999999998,0,0.7946781115879828,243,243,0.8085603112840467,0.8506437768240344,0.8499740439522409,21.473251028806583,61.799999999999955,0,0.7490128755364807,227,228,0.7864591439688716,0.8190557939914163,0.8176155044125282,21.653508771929825,60.0,23.49546044098573,771,6,777,28.528089887640448,19.764044943820224,73296.7,89,11,100,239.88,305.15,47271.0,40846.0,"[41446.0, 47271.0]","[41446.0, 47225.0]","[40846.0, 52184.0]",True,False,delivery_complete,delivery_complete,6425,5825.0,5779.0,6425.0,600.0,300.0,5.6,8,3,0.5683333333333334,600.0,delivery
K100_5,100,primary,2026,0.87,1.3832,51.24,1.8,45,0,5,0.768,6,0.98,0.0,7,0.783,7,0.97,68.0,69.95,0,0,5.99,100,0,0,13,2.937,0.0,0.0,14,4.29,0.44,0.18,43.34,0.0,757.7,75768.6,75768.6,75652.5,24.359743040685224,29.78048780487805,100,100,0,0.0,1373.22,2228.45,0,0.7779690189328744,229,231,0.8068642745709829,0.8120481927710843,0.8107780280713914,25.696969696969695,70.0,0,0.7836488812392427,232,235,0.8051482059282371,0.8192771084337349,0.8180557962224918,24.970212765957445,67.29999999999998,0,0.7833046471600689,229,231,0.8059282371294851,0.8440619621342513,0.8430081441691215,25.714285714285715,66.0,0,0.7733218588640275,236,237,0.7864274570982839,0.8049913941480207,0.8038468203084388,21.130801687763714,64.19999999999999,23.069553805774277,762,13,775,32.86585365853659,26.695121951219512,75768.6,82,18,100,247.97,321.2,47256.0,40846.0,"[41446.0, 47256.0]","[41446.0, 47217.0]","[40846.0, 52184.0]",True,False,delivery_complete,delivery_complete,6410,5810.0,5771.0,6410.0,600.0,300.0,6.4,13,4,0.6075,600.0,delivery
K100_6,100,primary,42,0.82,1.8848,46.51,1.84,52,0,5,0.865,6,1.031,0.0,5,0.858,6,1.101,77.0,70.85,5,5,6.26,95,5,0,15,3.357,0.0,0.0,16,4.713,0.36,0.16,43.12,0.0,778.4,77840.3,77840.3,77739.4,26.307027027027026,31.553571428571427,100,100,0,0.0,1330.2,2229.05,0,0.8644816792487572,237,238,0.8819432929862377,0.8908120051555883,0.8908652955345563,24.798319327731093,67.0,0,0.8573006812741668,232,232,0.8826065329132814,0.9118026146197754,0.9112469890680007,26.094827586206897,64.0,0,0.8897072362364206,237,238,0.8804510031503896,0.9165899466028355,0.9160644802668149,29.66386554621849,81.0,0,0.7867795986006261,217,217,0.8313712485491627,0.8574848094273615,0.8628867889568279,24.506912442396313,64.19999999999999,25.1737400530504,754,4,758,34.98809523809524,28.11904761904762,77840.3,84,16,100,254.75,333.25,46831.0,40800.0,"[41400.0, 46831.0]","[41400.0, 46797.0]","[40800.0, 52152.0]",True,False,delivery_complete,delivery_complete,6031,5431.0,5397.0,6031.0,600.0,300.0,6.2,7,3,0.5966666666666667,600.0,delivery
K100_6,100,primary,7,0.82,1.8863,46.51,1.84,52,0,4,0.832,7,1.082,0.0,4,0.771,5,0.913,74.79999999999998,64.99999999999997,5,5,5.93,95,5,0,11,3.101,0.0,0.0,13,4.594,0.46,0.11,43.92,0.0,762.5,76245.3,76245.3,76116.9,25.07641196013289,27.629213483146067,100,100,0,0.0,1326.56,2201.4,0,0.8356816102470266,238,239,0.8397361912613356,0.852516010978957,0.8513463666543711,26.15481171548117,71.0,0,0.7663311985361391,212,213,0.8057708161582853,0.8316559926806953,0.8356694946514202,24.314553990610328,63.39999999999998,0,0.7831655992680695,227,227,0.7967023907666941,0.840256175663312,0.8410180745112504,23.13215859030837,61.0,0,0.810064043915828,224,224,0.8408903544929925,0.8816102470265325,0.8849133161195131,26.620535714285715,70.0,24.43845089903181,723,6,729,31.426966292134832,23.831460674157302,76245.3,89,11,100,249.53,335.2,46865.0,40800.0,"[41400.0, 46865.0]","[41400.0, 46822.0]","[40800.0, 52152.0]",True,False,delivery_complete,delivery_complete,6065,5465.0,5422.0,6065.0,600.0,300.0,5.6,8,3,0.5683333333333334,600.0,delivery
K100_6,100,primary,2026,0.82,1.8955,46.51,1.84,52,0,6,0.823,6,1.115,0.0,5,0.721,6,0.851,79.70000000000002,62.900000000000006,4,4,5.99,96,4,0,16,2.873,0.0,0.0,16,4.517,0.44,0.18,43.22,0.0,749.3,74928.3,74928.3,74729.7,23.726966292134833,27.70731707317073,100,100,0,0.0,1322.72,2172.0,0,0.8215002737725863,231,231,0.8493173219279486,0.8594634057309728,0.8577498614446702,27.441558441558442,76.0,0,0.7227596276692827,212,213,0.798815594670176,0.813104581127943,0.8108257897653797,23.065727699530516,61.0,0,0.7506844314655959,219,219,0.7845040302681362,0.8225953641175398,0.8215407352669499,20.54794520547945,63.0,0,0.7981383464135792,226,227,0.8279322256950157,0.852162803431283,0.8503602438573804,23.634361233480178,65.69999999999999,22.800829875518673,723,7,730,31.29268292682927,24.121951219512194,74928.3,82,18,100,245.22,327.15,46879.0,40800.0,"[41400.0, 46879.0]","[41400.0, 46813.0]","[40800.0, 52152.0]",True,False,delivery_complete,delivery_complete,6079,5479.0,5413.0,6079.0,600.0,300.0,6.4,13,4,0.6075,600.0,delivery
K100_7,100,primary,42,0.89,1.8032,50.35,1.98,58,0,5,0.88,5,1.195,0.0,4,0.808,6,0.996,78.39999999999998,68.39999999999998,5,5,6.26,95,5,0,13,3.546,0.0,0.0,14,4.322,0.36,0.16,43.04,0.0,768.4,76841.1,76841.1,76657.8,26.788306451612904,29.38095238095238,100,100,0,0.0,1675.85,2689.3,0,0.8772378516624041,257,257,0.8988399071925754,0.9087809036658141,0.9095451412818746,28.43190661478599,68.19999999999999,0,0.8170502983802217,247,248,0.871616395978345,0.8975277067348678,0.8964507236388698,23.97983870967742,68.64999999999998,0,0.837851662404092,242,242,0.860015467904099,0.8913895993179881,0.8921433494141972,28.727272727272727,73.0,0,0.8513213981244672,244,245,0.8646558391337974,0.8922421142369992,0.892487939352171,25.991836734693877,70.0,26.24939172749392,822,12,834,35.345238095238095,23.416666666666668,76841.1,84,16,100,251.48,320.2,47312.0,40847.0,"[41447.0, 47312.0]","[41447.0, 47251.0]","[40847.0, 52174.0]",True,False,delivery_complete,delivery_complete,6465,5865.0,5804.0,6465.0,600.0,300.0,6.2,7,3,0.5966666666666667,600.0,delivery
K100_7,100,primary,7,0.89,1.7509,50.35,2.0700000000000003,58,0,5,0.769,5,1.055,0.0,5,0.775,5,0.863,60.0,67.79999999999998,5,5,5.93,95,5,0,14,3.168,0.0,0.0,13,4.318,0.46,0.11,43.98,0.0,770.7,77073.3,77073.3,76831.9,25.533748701973,28.831460674157302,100,100,0,0.0,1677.67,2642.3999999999996,0,0.7688919010504913,243,243,0.8580436788680406,0.8717383937648255,0.870663002404672,27.004115226337447,66.89999999999998,0,0.7717722805828533,225,226,0.7822208551215011,0.8037953236191122,0.8036757128134662,23.261061946902654,62.75,0,0.8144696712978652,242,242,0.8132882190095355,0.8553032870213487,0.853830298866369,26.47107438016529,63.94999999999999,0,0.8183666553710607,251,252,0.8200553675792064,0.8556421552016266,0.8560632085194091,25.253968253968253,61.0,24.82608695652174,782,8,790,31.674157303370787,25.98876404494382,77073.3,89,11,100,252.24,322.1,47349.0,40847.0,"[41447.0, 47349.0]","[41447.0, 47269.0]","[40847.0, 52174.0]",True,False,delivery_complete,delivery_complete,6502,5902.0,5822.0,6502.0,600.0,300.0,5.6,8,3,0.5683333333333334,600.0,delivery
K100_7,100,primary,2026,0.86,1.7594,50.35,2.0700000000000003,57,0,6,0.826,6,1.011,0.0,5,0.765,7,0.892,63.0,72.40000000000003,4,4,5.99,96,4,0,12,2.912,0.0,0.0,15,4.238,0.44,0.18,43.12,0.0,750.1,75013.9,75013.9,74894.7,23.838329764453963,27.73170731707317,100,100,0,0.0,1673.54,2625.7,0,0.8265498883736906,247,247,0.8307644402926981,0.8383994504550919,0.8372816877053433,24.574898785425102,69.0,0,0.7642108878584922,235,238,0.8151953915615756,0.8303280096170359,0.829154418122082,22.907563025210084,56.299999999999955,0,0.7049630774514855,219,220,0.7913747470029581,0.8279237506439979,0.8267335293100467,25.563636363636363,73.0,0,0.766958612399107,228,229,0.8050755098863459,0.82551949167096,0.8243126404980115,22.353711790393014,65.0,22.93202614379085,765,12,777,31.158536585365855,24.304878048780488,75013.9,82,18,100,245.5,328.54999999999995,47270.0,40847.0,"[41447.0, 47270.0]","[41447.0, 47230.0]","[40847.0, 52174.0]",True,False,delivery_complete,delivery_complete,6423,5823.0,5783.0,6423.0,600.0,300.0,6.4,13,4,0.6075,600.0,delivery
K100_8,100,primary,42,0.9,1.765,50.79,2.25,53,0,5,0.872,6,1.138,0.0,4,0.796,4,1.024,83.24999999999997,57.54999999999998,11,11,6.26,89,11,0,13,3.52,0.0,0.0,15,4.263,0.36,0.16,43.2,0.0,778.2,77825.0,77825.0,77614.2,26.461312438785505,29.160714285714285,100,100,0,0.0,1621.53,2444.3999999999996,0,0.879044300647088,269,270,0.9168552889693677,0.9283225485316078,0.9274802753063622,26.755555555555556,70.64999999999995,0,0.7979094076655052,247,248,0.8629847593179417,0.8873403019744484,0.8860164512338425,25.22983870967742,62.0,0,0.8622863779658205,250,250,0.8664554096876415,0.897627343620375,0.8964243746852443,29.056,67.54999999999998,0,0.8694209391073503,253,253,0.8252602987777274,0.8481831757093081,0.8469028034245426,24.790513833992094,70.0,25.816470588235294,850,9,859,33.773809523809526,24.547619047619047,77825.0,84,16,100,254.7,331.45,47434.0,40807.0,"[41407.0, 47434.0]","[41407.0, 47364.0]","[40807.0, 52196.0]",True,False,delivery_complete,delivery_complete,6627,6027.0,5957.0,6627.0,600.0,300.0,6.2,7,3,0.5966666666666667,600.0,delivery
K100_8,100,primary,7,0.88,1.8987,50.79,2.25,53,0,5,0.792,6,0.99,0.0,6,0.839,7,0.95,67.0,62.99999999999997,10,10,5.93,90,10,0,12,2.966,0.0,0.0,18,4.274,0.46,0.11,43.98,0.0,778.2,77815.8,77815.8,77638.6,24.120162932790222,28.275280898876403,100,100,0,0.0,1621.17,2510.6,0,0.7969348659003831,249,250,0.8435559594123883,0.8555722138930535,0.8541386271870794,25.124,64.0,0,0.8389138763951358,250,254,0.8117522338331061,0.8359153756455105,0.835464333781965,23.401574803149607,60.0,0,0.7879393636515076,237,238,0.797819173103135,0.8375812093953023,0.8359690444145357,24.491596638655462,70.0,0,0.769615192403798,240,240,0.8100863243980009,0.8440779610194903,0.8425302826379543,23.466666666666665,60.04999999999998,23.2406015037594,798,16,814,32.235955056179776,24.314606741573034,77815.8,89,11,100,254.67,311.25,47410.0,40807.0,"[41407.0, 47410.0]","[41407.0, 47351.0]","[40807.0, 52196.0]",True,False,delivery_complete,delivery_complete,6603,6003.0,5944.0,6603.0,600.0,300.0,5.6,8,3,0.5683333333333334,600.0,delivery
K100_8,100,primary,2026,0.89,1.8861,50.79,2.25,53,0,5,0.753,5,0.984,0.0,5,0.766,6,1.02,80.95,62.900000000000006,11,11,5.99,89,11,0,13,3.081,0.0,0.0,18,4.251,0.44,0.18,42.96,0.0,773.4,77339.2,77339.2,77250.6,25.10751565762004,29.859756097560975,100,100,0,0.0,1619.33,2517.45,0,0.751882215158106,235,235,0.8003649080127718,0.80475154759913,0.8037666050109299,26.08936170212766,71.29999999999998,0,0.763761084155931,232,232,0.8021894480766307,0.8156265685126317,0.8173869177736673,27.137931034482758,65.44999999999999,0,0.7533879872845909,235,237,0.7892656226242968,0.8246612012715409,0.8237766941314949,24.236286919831223,69.39999999999998,0,0.80475154759913,254,254,0.8064467082256348,0.8265015894261335,0.8271397343198251,23.15748031496063,68.69999999999999,24.02528445006321,791,5,796,36.951219512195124,22.76829268292683,77339.2,82,18,100,253.11,335.79999999999995,47384.0,40807.0,"[41407.0, 47384.0]","[41407.0, 47354.0]","[40807.0, 52196.0]",True,False,delivery_complete,delivery_complete,6577,5977.0,5947.0,6577.0,600.0,300.0,6.4,13,4,0.6075,600.0,delivery
K100_9,100,primary,42,0.9,1.3962,48.03,1.52,53,0,5,0.808,6,1.087,0.0,6,0.841,5,1.099,73.69999999999999,60.54999999999998,8,8,6.26,91,7,2,15,3.524,0.0,0.0,13,4.112,0.36,0.16,43.36,0.0,812.9,81290.3,81290.3,81176.9,26.10301263362488,27.49404761904762,100,100,0,0.0,1659.76,2581.7499999999995,0,0.8049261083743843,255,256,0.873542600896861,0.880623973727422,0.8832369942196532,27.03125,65.0,0,0.8379310344827586,262,262,0.8713004484304933,0.8962233169129721,0.8981007431874484,25.85496183206107,68.94999999999999,0,0.9540229885057471,266,266,0.8748878923766816,0.906568144499179,0.9090008257638316,28.49624060150376,71.5,0,0.767487684729064,245,245,0.8216741405082212,0.8440065681444991,0.8447563996696945,22.8,59.599999999999966,25.856976744186046,860,2,862,31.05952380952381,23.928571428571427,81290.3,84,16,100,249.36,326.29999999999995,47552.0,40862.0,"[41462.0, 47552.0]","[41462.0, 47517.0]","[40862.0, 52157.0]",True,False,delivery_complete,delivery_complete,6690,6090.0,6055.0,6690.0,600.0,300.0,6.2,7,3,0.5966666666666667,600.0,delivery
K100_9,100,primary,7,0.88,1.408,48.03,1.52,54,0,7,0.837,6,1.017,0.0,5,0.799,5,0.964,60.79999999999998,70.0,10,10,5.93,89,9,2,11,3.156,0.0,0.0,13,4.188,0.46,0.11,44.0,0.0,815.3,81530.3,81530.3,81386.9,24.93551688843398,26.06741573033708,100,100,0,0.0,1662.75,2636.6,0,0.8377837116154874,260,261,0.8299453883495146,0.8406208277703605,0.8394418291862811,24.697318007662837,60.0,0,0.8000667556742324,242,242,0.8417779126213593,0.8689919893190922,0.8680228648285138,24.714876033057852,63.849999999999966,0,0.7313084112149533,230,231,0.7997572815533981,0.8397863818424566,0.8386012104909213,26.324675324675326,63.5,0,0.7962283044058746,243,243,0.8017293689320388,0.8349465954606141,0.8350706119704102,24.090534979423868,64.0,24.71105527638191,796,15,811,28.280898876404493,23.853932584269664,81530.3,89,11,100,249.6,317.15,47454.0,40862.0,"[41462.0, 47454.0]","[41462.0, 47410.0]","[40862.0, 52157.0]",True,False,delivery_complete,delivery_complete,6592,5992.0,5948.0,6592.0,600.0,300.0,5.6,8,3,0.5683333333333334,600.0,delivery
K100_9,100,primary,2026,0.86,1.3573,48.03,1.52,53,0,5,0.742,5,0.972,0.0,5,0.773,5,0.92,73.95,59.95,11,11,5.99,88,10,2,13,3.224,0.0,0.0,15,4.168,0.44,0.18,43.04,0.0,818.8,81879.9,81879.9,81726.5,25.788819875776397,28.45731707317073,100,100,0,0.0,1662.66,2596.2999999999997,0,0.7399933840555739,233,234,0.824706590430334,0.8314588157459477,0.8308051341890315,26.200854700854702,71.35,0,0.7724115117433014,238,240,0.815076737887451,0.8296394310287794,0.8283047174529088,24.2125,67.04999999999998,0,0.7398279854449222,230,230,0.7867890460427325,0.8215348991068475,0.8208034672445408,26.617391304347827,74.09999999999997,0,0.8561032087330467,260,262,0.8254589226602468,0.8471716837578565,0.8493082180363394,26.137404580152673,72.0,25.26097867001255,797,10,807,32.329268292682926,24.585365853658537,81879.9,82,18,100,250.56,312.05,47508.0,40862.0,"[41462.0, 47508.0]","[41462.0, 47461.0]","[40862.0, 52157.0]",True,False,delivery_complete,delivery_complete,6646,6046.0,5999.0,6646.0,600.0,300.0,6.4,13,4,0.6075,600.0,delivery
K200_1,200,primary,42,1.24,3.3995,26.62,1.485,96,0,8,1.203,11,1.735,0.0,6,1.022,7,1.588,82.75,86.0,14,14,6.0,186,14,0,18,4.169,0.0,0.0,24,8.535,0.425,0.17,42.58,0.0,602.5,120491.7,120491.7,120413.9,32.58970099667774,37.256024096385545,200,200,0,0.0,1606.105,2574.8999999999996,0,1.1989771455969314,329,330,0.9251859413737786,0.9370305258110916,0.9395595563414242,33.74545454545454,87.55000000000001,0,1.0198178040594534,307,308,0.8980603762578387,0.9248841297746524,0.9244494454267803,32.49025974025974,81.29999999999995,0,0.9733098929199296,280,281,0.8910602304214671,0.9234457407703373,0.9246101912875744,35.90035587188612,78.0,0,0.954451014863353,284,285,0.8671430654805309,0.8932395716797187,0.8926217649895515,28.094736842105263,73.60000000000002,30.89516129032258,868,7,875,40.22289156626506,34.28915662650602,120491.7,166,34,200,265.685,356.0,47674.0,40817.0,"[41417.0, 47674.0]","[41417.0, 47638.0]","[40817.0, 52197.0]",True,False,delivery_complete,delivery_complete,6857,6257.0,6221.0,6857.0,600.0,300.0,6.2,7,3,0.5966666666666667,600.0,delivery
K200_1,200,primary,7,1.29,3.3121,26.62,1.485,95,0,6,1.113,6,1.602,0.0,8,0.938,8,1.569,78.0,82.25,14,14,5.99,186,13,1,15,4.0,0.0,0.0,23,8.73,0.45,0.12,42.22,0.0,610.9,122171.5,122171.5,122107.1,32.557046979865774,37.45738636363637,200,200,0,0.0,1607.285,2510.95,0,1.1079600386722526,304,305,0.9127240669997061,0.9310344827586207,0.930699481865285,33.65901639344262,85.0,0,0.9398968739929101,295,295,0.8665883044372612,0.8952626490493071,0.8947538860103627,33.6,79.30000000000001,0,1.073799548823719,294,296,0.8590949162503673,0.9034805027392846,0.9030116580310881,31.03716216216216,73.25,0,1.000322268772156,295,296,0.8693799588598295,0.9079922655494682,0.9080310880829016,31.902027027027028,74.0,30.582035928143714,835,9,844,41.52840909090909,33.38636363636363,122171.5,176,24,200,269.76,346.04999999999995,47623.0,40817.0,"[41417.0, 47623.0]","[41417.0, 47593.0]","[40817.0, 52197.0]",True,False,delivery_complete,delivery_complete,6806,6206.0,6176.0,6806.0,600.0,300.0,5.6,8,3,0.5683333333333334,600.0,delivery
K200_1,200,primary,2026,1.28,3.3187,26.62,1.485,96,0,8,0.976,8,1.376,0.0,9,0.985,10,1.454,76.0,83.95000000000002,7,7,5.965,193,6,1,14,3.608,0.0,0.0,24,8.386,0.435,0.16,42.56,0.0,580.2,116041.9,116041.9,115977.5,29.809853068280034,33.81547619047619,200,200,0,0.0,1598.49,2548.8999999999996,0,0.9716403480502739,289,289,0.8604172788715839,0.8704479535932969,0.8746761658031088,30.33910034602076,82.0,0,0.9835642926200451,287,288,0.8507199529826623,0.8683532065742829,0.8678756476683938,32.00694444444444,83.94999999999993,0,0.9883983242023848,289,290,0.8523361739641493,0.8925233644859814,0.8920012953367875,29.66551724137931,75.55000000000001,0,0.9788913954237835,287,290,0.8660005877167205,0.8910731550112794,0.8915155440414507,27.244827586206895,69.0,28.285539215686274,816,5,821,37.232142857142854,30.398809523809526,116041.9,168,32,200,259.145,337.15,47623.0,40817.0,"[41417.0, 47623.0]","[41417.0, 47593.0]","[40817.0, 52197.0]",True,False,delivery_complete,delivery_complete,6806,6206.0,6176.0,6806.0,600.0,300.0,6.4,13,4,0.6075,600.0,delivery
K200_2,200,primary,42,1.4,5.6729,30.6,2.0349999999999997,99,0,8,1.063,9,1.505,0.0,7,1.044,7,1.475,83.0,71.75,4,4,6.0,196,3,1,13,3.988,0.0,0.0,25,7.673,0.425,0.17,42.47,0.0,578.9,115789.4,115789.4,115707.2,31.09717868338558,35.44277108433735,200,200,0,0.0,1634.35,2410.899999999999,0,1.05866784296427,336,336,0.914471017430077,0.924422878988384,0.9262161762531421,31.321428571428573,79.25,0,1.042787825319806,315,316,0.889069044723686,0.9129539773562712,0.9124648824486175,32.04746835443038,83.25,0,0.9504484634612557,307,307,0.8969058235373598,0.9272165857962065,0.9324264379713145,30.908794788273617,71.0,0,0.9863255403617115,316,317,0.8455614106201864,0.8676665196294663,0.8669229631820198,30.094637223974765,71.19999999999999,29.57430997876858,942,3,945,40.5722891566265,30.313253012048193,115789.4,166,34,200,259.67,332.09999999999997,48207.0,40806.0,"[41406.0, 48207.0]","[41406.0, 48169.0]","[40806.0, 52168.0]",True,False,delivery_complete,delivery_complete,7401,6801.0,6763.0,7401.0,600.0,300.0,6.2,7,3,0.5966666666666667,600.0,delivery
K200_2,200,primary,7,1.38,5.6905,30.6,2.0349999999999997,99,0,5,1.026,8,1.597,0.0,8,0.968,8,1.372,88.25,80.25,3,3,5.99,197,3,0,13,3.874,0.0,0.0,27,7.827,0.45,0.12,42.53,0.0,588.5,117696.7,117696.7,117632.2,31.236779794790845,35.75568181818182,200,200,0,0.0,1637.07,2387.7499999999995,0,1.026027802425318,323,323,0.8906547133930997,0.9055013309671694,0.9050802139037433,34.45201238390093,83.89999999999998,0,0.9652469683525584,313,313,0.8571040478130942,0.8825791186039633,0.8826500297088532,30.230031948881788,76.0,0,1.0161194912747709,323,323,0.86960065199674,0.9112688553682342,0.9153297682709447,30.287925696594428,76.0,0,0.9720496894409938,307,308,0.8511274110296115,0.8849452824608104,0.8844325609031491,29.883116883116884,82.0,29.50602409638554,913,6,919,40.61931818181818,30.892045454545453,117696.7,176,24,200,263.625,350.09999999999997,48168.0,40806.0,"[41406.0, 48168.0]","[41406.0, 48138.0]","[40806.0, 52168.0]",True,False,delivery_complete,delivery_complete,7362,6762.0,6732.0,7362.0,600.0,300.0,5.6,8,3,0.5683333333333334,600.0,delivery
K200_2,200,primary,2026,1.37,5.7194,30.6,2.0349999999999997,98,0,7,0.968,8,1.268,0.0,7,0.936,8,1.302,90.65,72.65,3,3,5.965,197,2,1,13,3.511,0.0,0.0,24,7.73,0.435,0.16,42.44,0.0,579.6,115911.7,115911.7,115847.2,29.854440789473685,35.11607142857143,200,200,0,0.0,1634.855,2402.3999999999996,0,0.966430050280982,303,305,0.8450149415919587,0.8528541851523218,0.8521984551396317,29.00655737704918,85.60000000000002,0,0.9315291333924874,307,307,0.8484107579462102,0.8643892339544513,0.8637849079025549,29.21172638436482,71.39999999999998,0,0.8964803312629399,300,302,0.7901385493072535,0.8215025140490979,0.8207070707070707,28.983443708609272,70.0,0,1.0039929015084295,301,302,0.8238250475414289,0.8430937592428276,0.8423945335710041,32.235099337748345,85.94999999999999,27.83963344788087,873,13,886,40.50595238095238,29.726190476190474,115911.7,168,32,200,260.36,345.04999999999995,48168.0,40806.0,"[41406.0, 48168.0]","[41406.0, 48138.0]","[40806.0, 52168.0]",True,False,delivery_complete,delivery_complete,7362,6762.0,6732.0,7362.0,600.0,300.0,6.4,13,4,0.6075,600.0,delivery
K200_3,200,primary,42,1.35,2.5794,27.9,1.85,104,0,5,1.036,8,1.55,0.0,7,1.026,7,1.433,92.75,84.5,0,0,6.0,200,0,0,13,4.135,0.0,0.0,20,7.837,0.425,0.17,42.42,0.0,653.8,130755.0,130755.0,130597.5,32.25925925925926,36.83734939759036,200,200,0,0.0,1459.02,2375.15,0,1.0370040124832813,327,330,0.9132214490380679,0.9231683756873236,0.922430607651913,32.65151515151515,84.10000000000002,0,1.0255610046069252,313,314,0.8756992768454086,0.8986476445237034,0.8976744186046511,30.923566878980893,84.0,0,0.9989597265566948,312,312,0.8872970391595033,0.9170753455193936,0.9162790697674419,33.59935897435897,82.44999999999999,0,1.002674988854213,311,313,0.8803383817710465,0.9057809481349384,0.9048762190547637,31.849840255591054,80.0,30.695698924731182,930,10,940,41.234939759036145,32.43975903614458,130755.0,166,34,200,261.51,346.15,48168.0,40839.0,"[41439.0, 48168.0]","[41439.0, 48104.0]","[40839.0, 52188.0]",True,False,delivery_complete,delivery_complete,7329,6729.0,6665.0,7329.0,600.0,300.0,6.2,7,3,0.5966666666666667,600.0,delivery
K200_3,200,primary,7,1.38,2.5794,27.9,1.85,105,0,8,1.012,8,1.58,0.0,7,0.977,7,1.429,82.5,78.0,0,0,5.99,200,0,0,15,3.945,0.0,0.0,22,7.859,0.45,0.12,42.46,0.0,653.1,130625.0,130625.0,130460.0,31.49920634920635,35.52556818181818,200,200,0,0.0,1457.91,2345.899999999999,0,1.009543692215926,324,325,0.8824254037777169,0.8966597077244259,0.8969724356077723,33.48,80.80000000000001,0,0.9707724425887265,312,312,0.8653161784834382,0.8917387414255891,0.8962193101370688,31.125,81.44999999999999,0,0.9764390098419325,309,309,0.8660005474952094,0.9076946018490903,0.9090224431390269,30.116504854368934,76.0,0,1.0071577691619444,313,314,0.858609362168081,0.8933790635252014,0.8924536827835517,31.181528662420384,80.69999999999993,29.981236203090507,906,2,908,40.5625,30.488636363636363,130625.0,176,24,200,261.25,334.0,48145.0,40839.0,"[41439.0, 48145.0]","[41439.0, 48078.0]","[40839.0, 52188.0]",True,False,delivery_complete,delivery_complete,7306,6706.0,6639.0,7306.0,600.0,300.0,5.6,8,3,0.5683333333333334,600.0,delivery
K200_3,200,primary,2026,1.32,2.5794,27.9,1.85,105,0,7,0.924,7,1.309,0.0,8,0.93,10,1.366,87.95000000000002,78.0,0,0,5.965,200,0,0,14,3.653,0.0,0.0,22,7.862,0.435,0.16,42.39,0.0,653.4,130677.5,130677.5,130602.5,31.175145954962467,36.67857142857143,200,200,0,0.0,1458.72,2351.5999999999995,0,0.9234456928838951,302,302,0.8317525773195876,0.8385018726591761,0.8377483443708609,29.695364238410598,77.0,0,0.9306367041198502,294,294,0.8361512027491409,0.8512359550561798,0.8505418422636966,31.581632653061224,81.0,0,0.9558052434456928,298,298,0.8042611683848797,0.8373033707865168,0.8369957856712824,32.06711409395973,86.0,0,0.949812734082397,305,305,0.8567697594501719,0.8792509363295881,0.878687537627935,31.37704918032787,79.80000000000001,29.031358885017422,861,4,865,41.11904761904762,32.23809523809524,130677.5,168,32,200,261.355,349.09999999999997,48114.0,40839.0,"[41439.0, 48114.0]","[41439.0, 48083.0]","[40839.0, 52188.0]",True,False,delivery_complete,delivery_complete,7275,6675.0,6644.0,7275.0,600.0,300.0,6.4,13,4,0.6075,600.0,delivery
K200_4,200,primary,42,1.2,1.8252,23.01,1.92,111,0,9,0.999,8,1.442,0.0,6,1.042,6,1.619,90.0,78.5,16,16,6.0,184,15,1,14,3.834,0.0,0.0,30,9.468,0.425,0.17,42.39,0.0,677.5,135494.6,135494.6,135214.6,30.953180212014136,37.183734939759034,200,200,0,0.0,1483.84,2332.6499999999996,0,0.9933543196922001,268,269,0.9062994618550174,0.9172787688002798,0.9156110615521855,31.63197026022305,82.6,0,1.036726128016789,282,282,0.9167458056346945,0.9480587618048268,0.9475468331846566,32.755319148936174,81.94999999999999,0,1.0792235047219307,290,292,0.9074074074074074,0.9445610353270374,0.9434433541480821,31.78082191780822,79.0,0,1.0767750961874782,288,289,0.8754352643241532,0.9048618398041273,0.903479036574487,27.726643598615915,64.0,28.446540880503143,795,13,808,42.12048192771084,32.24698795180723,135494.6,166,34,200,265.945,360.04999999999995,47147.0,40829.0,"[41429.0, 47147.0]","[41429.0, 47034.0]","[40829.0, 52175.0]",True,False,delivery_complete,delivery_complete,6318,5718.0,5605.0,6318.0,600.0,300.0,6.2,7,3,0.5966666666666667,600.0,delivery
K200_4,200,primary,7,1.18,1.8281,23.01,2.0,111,0,7,1.027,9,1.624,0.0,8,1.025,10,1.616,87.0,80.25,19,19,5.99,181,19,0,13,4.141,0.0,0.0,29,9.94,0.45,0.12,42.49,0.0,711.8,142364.7,142364.7,142247.2,34.61636363636364,39.72727272727273,200,200,0,0.0,1489.91,2326.7999999999997,0,1.0216657787249157,275,276,0.8764243299630878,0.8927366364766471,0.8941429339065019,34.20652173913044,83.5,0,1.023441662226958,264,266,0.8528326111378591,0.8829692772154146,0.8819631022747627,34.95864661654135,84.0,0,1.0967856508613034,272,272,0.8369443107045418,0.8835020422660274,0.8825004477879277,33.67279411764706,88.44999999999999,0,1.1106375421772332,284,286,0.8658321296742096,0.9080092345942106,0.9102632993014508,35.59090909090909,81.75,32.331090174966356,743,8,751,45.04545454545455,34.40909090909091,142364.7,176,24,200,277.765,354.09999999999997,47060.0,40829.0,"[41429.0, 47060.0]","[41429.0, 47012.0]","[40829.0, 52175.0]",True,False,delivery_complete,delivery_complete,6231,5631.0,5583.0,6231.0,600.0,300.0,5.6,8,3,0.5683333333333334,600.0,delivery
K200_4,200,primary,2026,1.15,1.8177,23.01,1.92,110,0,6,1.055,9,1.538,0.0,8,0.977,9,1.594,94.95000000000002,78.30000000000001,14,14,5.965,186,13,1,15,3.868,0.0,0.0,28,9.486,0.435,0.16,42.63,0.0,678.5,135705.6,135705.6,135628.1,32.29509713228492,36.729166666666664,200,200,0,0.0,1484.02,2311.05,0,1.0523615779232267,274,275,0.8803774188389573,0.8935078719264108,0.8929016189290162,32.48,82.90000000000003,0,0.9752343888200955,266,266,0.8730209499440269,0.894746152485406,0.8941469489414695,34.578947368421055,90.75,0,1.0405094640014152,271,272,0.8426355349432273,0.8857243941270122,0.8884540117416829,35.724264705882355,86.44999999999999,0,1.0051300194586945,268,268,0.8339996801535263,0.8581284273836901,0.8587439957302971,26.35820895522388,77.64999999999998,30.345013477088948,742,4,746,41.30357142857143,32.154761904761905,135705.6,168,32,200,266.8,379.0,47082.0,40829.0,"[41429.0, 47082.0]","[41429.0, 47050.0]","[40829.0, 52175.0]",True,False,delivery_complete,delivery_complete,6253,5653.0,5621.0,6253.0,600.0,300.0,6.4,13,4,0.6075,600.0,delivery
K200_5,200,primary,42,1.18,1.2277,24.04,2.04,126,0,5,0.949,9,1.442,0.0,6,1.078,7,1.501,83.75,79.0,18,18,6.0,182,18,0,14,4.015,0.0,0.0,28,8.936,0.425,0.17,42.43,0.0,680.0,135995.0,135995.0,135842.5,31.403389830508473,36.225903614457835,200,200,0,0.0,1539.205,2329.0999999999995,0,0.9501500500166722,284,286,0.9261897544710518,0.938646215405135,0.9380053908355795,31.454545454545453,72.75,0,1.0756918972990996,294,296,0.8966353440436496,0.9244748249416472,0.9236859838274932,30.885135135135137,82.25,0,1.1288762920973658,300,301,0.8939072446195817,0.9279759919973325,0.9272237196765498,32.77076411960133,78.0,0,1.0781927309103034,296,297,0.8729918157017278,0.9008002667555852,0.8997641509433962,30.484848484848484,76.19999999999999,29.407363420427554,842,13,855,41.506024096385545,30.94578313253012,135995.0,166,34,200,265.58,353.3499999999999,47422.0,40824.0,"[41424.0, 47422.0]","[41424.0, 47360.0]","[40824.0, 52138.0]",True,False,delivery_complete,delivery_complete,6598,5998.0,5936.0,6598.0,600.0,300.0,6.2,7,3,0.5966666666666667,600.0,delivery
K200_5,200,primary,7,1.19,1.2605,24.04,2.0,126,0,6,1.045,8,1.543,0.0,7,1.032,7,1.453,86.0,84.0,17,17,5.99,183,17,0,13,3.762,0.0,0.0,30,8.977,0.45,0.12,42.32,0.0,676.4,135280.6,135280.6,135055.6,30.83275261324042,34.25284090909091,200,200,0,0.0,1536.72,2347.5499999999997,0,1.0412198391420913,296,298,0.8967722289890377,0.9142091152815014,0.9128807214565254,32.07382550335571,86.0,0,1.032004021447721,286,286,0.8865712545676004,0.9183981233243967,0.9181555215245873,30.678321678321677,81.25,0,0.989946380697051,279,279,0.8652557856272838,0.9120308310991957,0.9106687085247576,30.612903225806452,80.09999999999997,0,0.9876005361930295,283,285,0.8640377588306942,0.9036528150134048,0.9021609664794964,29.905263157894737,82.00000000000006,29.343434343434343,792,8,800,39.70454545454545,28.801136363636363,135280.6,176,24,200,264.27,362.0,47392.0,40824.0,"[41424.0, 47392.0]","[41424.0, 47301.0]","[40824.0, 52138.0]",True,False,delivery_complete,delivery_complete,6568,5968.0,5877.0,6568.0,600.0,300.0,5.6,8,3,0.5683333333333334,600.0,delivery
K200_5,200,primary,2026,1.16,1.2702,24.04,2.12,126,0,7,1.055,8,1.7,0.0,7,1.01,7,1.37,82.65,86.0,23,23,5.965,177,23,0,14,3.976,0.0,0.0,34,9.147,0.435,0.16,42.48,0.0,697.9,139581.1,139581.1,139488.6,32.66903283052351,37.044642857142854,200,200,0,0.0,1542.985,2352.5499999999993,0,1.0531271015467385,286,287,0.8558338423946243,0.8658372562205784,0.86497461928934,36.00696864111498,82.69999999999999,0,1.0065568258238062,283,283,0.8559865607819181,0.874915938130464,0.8742808798646362,29.462897526501767,79.89999999999998,0,0.9450235373234701,265,265,0.8092547342700062,0.8468392737054472,0.8482233502538071,33.094339622641506,83.79999999999998,0,1.0521183591123067,291,292,0.8645387904703726,0.890551445864156,0.8898477157360406,32.10958904109589,77.44999999999999,30.757614213197968,788,6,794,42.125,31.964285714285715,139581.1,168,32,200,270.52,362.2999999999999,47372.0,40824.0,"[41424.0, 47372.0]","[41424.0, 47334.0]","[40824.0, 52138.0]",True,False,delivery_complete,delivery_complete,6548,5948.0,5910.0,6548.0,600.0,300.0,6.4,13,4,0.6075,600.0,delivery
K200_6,200,primary,42,1.31,5.8857,27.18,2.5,122,0,10,1.031,11,1.538,0.0,7,1.051,8,1.646,89.75,75.75,25,25,6.0,175,24,1,16,4.185,0.0,0.0,33,8.71,0.425,0.17,42.45,0.0,710.3,142065.3,142065.3,141875.3,33.37040065412919,40.04819277108434,200,200,0,0.0,1516.61,2441.4999999999986,0,1.0249960943602563,303,304,0.9068704470789887,0.9167317606623965,0.9168247944339026,33.17434210526316,73.84999999999997,0,1.0465552257459771,312,313,0.8781602628195972,0.9025152319950008,0.9013282732447818,33.87859424920128,83.39999999999998,0,1.1251366973910326,312,312,0.8688758748750178,0.8984533666614591,0.8976913345983555,34.46474358974359,87.44999999999999,0,0.9996875488204968,293,294,0.8678760177117555,0.8934541477894079,0.8921568627450981,31.87074829931973,79.34999999999997,30.90990990990991,888,8,896,45.04819277108434,35.04819277108434,142065.3,166,34,200,275.845,368.7499999999998,47806.0,40805.0,"[41405.0, 47806.0]","[41405.0, 47729.0]","[40805.0, 52192.0]",True,False,delivery_complete,delivery_complete,7001,6401.0,6324.0,7001.0,600.0,300.0,6.2,7,3,0.5966666666666667,600.0,delivery
K200_6,200,primary,7,1.35,5.8661,27.18,2.5,123,0,7,0.982,11,1.548,0.0,7,1.076,9,1.603,102.25,90.0,25,25,5.99,175,24,1,14,4.007,0.0,0.0,33,8.868,0.45,0.12,42.52,0.0,726.7,145334.6,145334.6,145227.1,33.545155993431855,41.24431818181818,200,200,0,0.0,1515.49,2421.049999999999,0,0.9796620775969962,301,302,0.853403890160183,0.865613266583229,0.8667296786389413,33.7317880794702,85.0,0,1.071964956195244,310,310,0.8438215102974829,0.8695244055068836,0.8711405166981726,33.535483870967745,92.55000000000001,0,1.0824468085106382,312,313,0.8432494279176201,0.8848560700876095,0.8840579710144928,34.814696485623,91.0,0,1.010325406758448,293,293,0.8363844393592678,0.8707759699624531,0.869880277252678,32.00682593856655,88.39999999999998,30.458333333333332,864,7,871,50.42045454545455,32.06818181818182,145334.6,176,24,200,281.72,379.2999999999999,47797.0,40805.0,"[41405.0, 47797.0]","[41405.0, 47753.0]","[40805.0, 52192.0]",True,False,delivery_complete,delivery_complete,6992,6392.0,6348.0,6992.0,600.0,300.0,5.6,8,3,0.5683333333333334,600.0,delivery
K200_6,200,primary,2026,1.34,5.8703,27.18,2.5,123,0,9,0.942,10,1.365,0.0,7,0.961,7,1.388,86.90000000000003,78.0,19,19,5.965,181,18,1,14,3.512,0.0,0.0,32,8.493,0.435,0.16,42.66,0.0,690.7,138133.6,138133.6,138048.6,30.57508532423208,37.80357142857143,200,200,0,0.0,1509.655,2402.999999999999,0,0.9373433583959899,292,292,0.8588201603665521,0.868421052631579,0.8724208536777446,30.59246575342466,77.0,0,0.9578634085213033,294,294,0.8412084765177549,0.8574561403508771,0.8580878878563554,30.792517006802722,79.34999999999997,0,0.9487781954887218,285,285,0.818012600229095,0.8538533834586466,0.8543077650023626,29.866666666666667,75.80000000000001,0,0.9782268170426065,300,301,0.8373424971363116,0.8590225563909775,0.8582453929752717,31.016611295681063,78.0,27.65988023952096,835,1,836,43.05952380952381,32.54761904761905,138133.6,168,32,200,269.81,348.04999999999995,47789.0,40805.0,"[41405.0, 47789.0]","[41405.0, 47754.0]","[40805.0, 52192.0]",True,False,delivery_complete,delivery_complete,6984,6384.0,6349.0,6984.0,600.0,300.0,6.4,13,4,0.6075,600.0,delivery
K200_7,200,primary,42,1.36,2.7397,29.77,2.4,121,0,7,1.086,8,1.6,0.0,6,0.958,6,1.377,77.0,76.0,14,14,6.0,186,14,0,16,4.089,0.0,0.0,26,7.812,0.425,0.17,42.53,0.0,674.2,134845.6,134845.6,134778.1,31.81083202511774,36.015060240963855,200,200,0,0.0,1683.15,2609.8499999999995,0,1.085122022934431,335,335,0.9194812212915429,0.9298735665980594,0.9295837023914969,33.35223880597015,79.60000000000002,0,0.9553072625698324,309,309,0.8821940016211834,0.9054689797118495,0.9072925893120756,30.566343042071196,71.0,0,1.0357247868274038,321,321,0.8839502837071062,0.9131137900617465,0.912754650132861,32.08411214953271,72.0,0,1.0,309,309,0.8628748986760335,0.8865039694207586,0.8876586950103337,31.100323624595468,78.0,30.32908704883227,942,3,945,41.31325301204819,30.716867469879517,134845.6,166,34,200,264.77,348.0,48281.0,40879.0,"[41479.0, 48281.0]","[41479.0, 48253.0]","[40879.0, 52188.0]",True,False,delivery_complete,delivery_complete,7402,6802.0,6774.0,7402.0,600.0,300.0,6.2,7,3,0.5966666666666667,600.0,delivery
K200_7,200,primary,7,1.36,2.7508,29.77,2.4,121,0,5,0.957,7,1.356,0.0,5,1.001,9,1.371,87.25,82.25,16,16,5.99,184,16,0,14,3.985,0.0,0.0,26,7.993,0.45,0.12,42.56,0.0,687.8,137551.9,137551.9,137339.4,31.963108320251177,36.59943181818182,200,200,0,0.0,1684.62,2604.899999999999,0,0.9522480164560682,322,323,0.8525519848771267,0.8639435791948281,0.8633928571428572,29.46439628482972,81.0,0,1.0049955921245959,318,319,0.8702403456656764,0.8967087863649721,0.896875,29.620689655172413,81.0,0,1.0646488392594768,331,332,0.8718606535241696,0.913458712900382,0.9123511904761905,35.11144578313253,88.44999999999999,0,0.9512195121951219,300,300,0.8453956251687821,0.8784895680282104,0.8790178571428572,33.66,82.15000000000003,30.227421109902068,919,6,925,43.07954545454545,30.119318181818183,137551.9,176,24,200,269.035,354.04999999999995,48285.0,40879.0,"[41479.0, 48285.0]","[41479.0, 48199.0]","[40879.0, 52188.0]",True,False,delivery_complete,delivery_complete,7406,6806.0,6720.0,7406.0,600.0,300.0,5.6,8,3,0.5683333333333334,600.0,delivery
K200_7,200,primary,2026,1.34,2.7563,29.77,2.25,121,0,7,0.92,7,1.205,0.0,8,0.985,8,1.297,77.65,69.65,17,17,5.965,183,17,0,14,3.328,0.0,0.0,26,7.713,0.435,0.16,42.51,0.0,666.9,133387.2,133387.2,133322.2,28.12807881773399,32.717261904761905,200,200,0,0.0,1682.85,2616.2499999999995,0,0.9246534945443822,303,306,0.8692766188024925,0.8792391624889413,0.8787564766839379,27.395424836601308,73.0,0,0.9831907991742849,311,313,0.8405581143321593,0.8557947508109702,0.8552183567727609,28.78594249201278,75.39999999999998,0,0.954438218814509,296,297,0.7851530750474126,0.8159834856974344,0.8152479644707624,27.084175084175083,73.19999999999999,0,0.9200825715128281,302,302,0.822947710647521,0.8420819817163079,0.8414507772020725,29.21523178807947,71.0,26.205479452054796,876,13,889,37.416666666666664,28.017857142857142,133387.2,168,32,200,260.67,342.09999999999997,48261.0,40879.0,"[41479.0, 48261.0]","[41479.0, 48234.0]","[40879.0, 52188.0]",True,False,delivery_complete,delivery_complete,7382,6782.0,6755.0,7382.0,600.0,300.0,6.4,13,4,0.6075,600.0,delivery
K200_8,200,primary,42,1.31,2.4566,26.89,1.71,95,0,11,1.12,10,1.533,0.0,7,1.062,7,1.675,86.0,75.25,0,0,6.0,200,0,0,13,4.196,0.0,0.0,20,8.27,0.425,0.17,42.23,0.0,650.5,130090.0,130090.0,129900.0,32.484426229508195,36.45783132530121,200,200,0,0.0,1584.49,2472.249999999999,0,1.1152696964931592,317,317,0.9297312832303491,0.9418147507469727,0.9415791149315504,31.706624605678233,74.0,0,1.0600723384179902,311,313,0.9054461847966662,0.9325365623525712,0.9317096466093601,34.239616613418534,83.0,0,1.0555118729359962,302,303,0.8959620635148728,0.9282906117314043,0.9274116523400191,33.95379537953795,77.89999999999998,0,0.9545526026104734,286,287,0.8531398189395027,0.8774964617078157,0.8759949060808659,29.878048780487806,71.0,31.022650056625142,883,7,890,39.27710843373494,33.63855421686747,130090.0,166,34,200,260.18,335.09999999999997,47759.0,40800.0,"[41400.0, 47759.0]","[41400.0, 47682.0]","[40800.0, 52140.0]",True,False,delivery_complete,delivery_complete,6959,6359.0,6282.0,6959.0,600.0,300.0,6.2,7,3,0.5966666666666667,600.0,delivery
K200_8,200,primary,7,1.32,2.4566,26.89,1.71,96,0,7,1.035,8,1.443,0.0,4,0.943,7,1.287,80.0,83.25,0,0,5.99,200,0,0,12,3.715,0.0,0.0,23,8.119,0.45,0.12,42.48,0.0,642.2,128445.0,128445.0,128185.0,29.692874692874692,33.33522727272727,200,200,0,0.0,1582.795,2476.6499999999983,0,1.0319364386976164,322,322,0.8907251745262857,0.906371708988939,0.9075071270193221,29.41304347826087,71.94999999999999,0,0.9376849976631874,294,296,0.870921783729876,0.8990496962143636,0.8973709217611656,28.614864864864863,79.0,0,1.0007789375292102,301,302,0.8623735574868214,0.9055927714597289,0.912258473234083,30.705298013245034,74.0,0,1.004829412681103,301,301,0.8585268556774469,0.8948434335566288,0.8930947101678809,30.036544850498338,75.0,28.174364896073904,866,8,874,35.59090909090909,31.079545454545453,128445.0,176,24,200,256.89,338.2999999999999,47819.0,40800.0,"[41400.0, 47819.0]","[41400.0, 47714.0]","[40800.0, 52140.0]",True,False,delivery_complete,delivery_complete,7019,6419.0,6314.0,7019.0,600.0,300.0,5.6,8,3,0.5683333333333334,600.0,delivery
K200_8,200,primary,2026,1.27,2.4566,26.89,1.71,96,0,6,0.865,6,1.289,0.0,9,0.987,10,1.424,88.30000000000001,79.30000000000001,0,0,5.965,200,0,0,15,3.755,0.0,0.0,22,8.151,0.435,0.16,42.48,0.0,640.5,128110.0,128110.0,128032.5,30.61492281303602,33.654761904761905,200,200,0,0.0,1580.53,2446.4999999999977,0,0.8650617675007919,271,271,0.8397454440266127,0.8476401647133355,0.8468640560331104,30.85608856088561,80.0,0,0.9846373139056066,295,295,0.850159097483367,0.8674374406081723,0.8681948424068768,31.11864406779661,87.30000000000001,0,0.9743427304402914,292,292,0.8377205669655771,0.8758314855875832,0.8761540910538045,30.828767123287673,85.89999999999998,0,1.0511561609122584,308,308,0.8680937228811108,0.8929363319607222,0.8944603629417383,29.717532467532468,82.64999999999998,29.41978287092883,829,3,832,38.404761904761905,28.904761904761905,128110.0,168,32,200,256.22,342.2999999999999,47714.0,40800.0,"[41400.0, 47714.0]","[41400.0, 47682.0]","[40800.0, 52140.0]",True,False,delivery_complete,delivery_complete,6914,6314.0,6282.0,6914.0,600.0,300.0,6.4,13,4,0.6075,600.0,delivery
K200_9,200,primary,42,1.27,5.7257,25.43,2.16,121,0,6,1.108,10,1.497,0.0,5,0.959,7,1.56,77.75,84.0,12,12,6.0,186,9,5,18,4.075,0.0,0.0,33,8.663,0.425,0.17,42.31,0.0,585.0,117001.2,117001.2,116916.8,31.235096557514694,35.21084337349398,200,200,0,0.0,1468.025,2307.3999999999987,0,1.1009718333058804,314,314,0.9216009593764053,0.9334541261736122,0.9386604774535809,29.837579617834393,80.0,0,0.9606325152363696,286,287,0.8794783390795983,0.9052874320540274,0.9046750663129973,33.26480836236934,84.69999999999999,0,1.035249547026849,294,294,0.8886223954429621,0.921759183001153,0.9214190981432361,29.952380952380953,72.0,0,1.092900675341789,296,296,0.8718333083495727,0.8991928842035909,0.9046750663129973,32.023648648648646,78.75,29.71794871794872,858,3,861,38.3433734939759,32.07831325301205,117001.2,166,34,200,261.51,355.09999999999997,47476.0,40805.0,"[41405.0, 47476.0]","[41405.0, 47437.0]","[40805.0, 52167.0]",True,False,delivery_complete,delivery_complete,6671,6071.0,6032.0,6671.0,600.0,300.0,6.2,7,3,0.5966666666666667,600.0,delivery
K200_9,200,primary,7,1.27,5.7377,25.43,2.25,122,0,9,1.125,10,1.553,0.0,6,0.977,7,1.465,84.25,81.25,13,13,5.99,185,11,4,14,4.029,0.0,0.0,30,8.896,0.45,0.12,42.53,0.0,607.2,121436.7,121436.7,121332.2,32.66921768707483,36.90340909090909,200,200,0,0.0,1470.375,2338.1999999999994,0,1.1207460732984293,308,309,0.8748510131108462,0.8897251308900523,0.8896767810026385,31.741100323624597,81.59999999999997,0,0.981675392670157,280,280,0.8764898688915376,0.90657722513089,0.9058377308707124,32.72142857142857,75.05000000000001,0,1.0230693717277486,296,297,0.8528009535160905,0.8972513089005235,0.8984168865435356,31.468013468013467,80.0,0,1.044502617801047,289,290,0.858015494636472,0.8961060209424084,0.8952836411609498,34.83793103448276,84.65000000000003,30.841075794621027,818,11,829,43.4375,30.369318181818183,121436.7,176,24,200,270.005,361.09999999999997,47517.0,40805.0,"[41405.0, 47517.0]","[41405.0, 47469.0]","[40805.0, 52167.0]",True,False,delivery_complete,delivery_complete,6712,6112.0,6064.0,6712.0,600.0,300.0,5.6,8,3,0.5683333333333334,600.0,delivery
K200_9,200,primary,2026,1.24,5.7153,25.43,2.205,121,0,6,0.999,7,1.434,0.0,7,0.982,7,1.477,88.65,82.65,12,12,5.965,186,11,3,14,3.779,0.0,0.0,31,8.957,0.435,0.16,42.71,0.0,609.7,121941.4,121941.4,121845.8,32.29859894921191,39.458333333333336,200,200,0,0.0,1473.585,2327.2,0,0.999342645850452,284,284,0.8568436798803291,0.866721446179129,0.8657507035259063,31.37323943661972,84.0,0,0.9786359901396877,275,276,0.8604338070306656,0.8793755135579293,0.8784969375931138,33.18115942028985,84.0,0,0.9385373870172555,279,280,0.8309648466716529,0.8698438783894823,0.8751862274457871,31.632142857142856,87.10000000000002,0,1.0308956450287592,302,302,0.8584891548242334,0.8833196384552178,0.8829663962920047,32.980132450331126,80.94999999999999,29.366915422885572,804,5,809,43.226190476190474,35.69047619047619,121941.4,168,32,200,270.815,356.04999999999995,47490.0,40805.0,"[41405.0, 47490.0]","[41405.0, 47446.0]","[40805.0, 52167.0]",True,False,delivery_complete,delivery_complete,6685,6085.0,6041.0,6685.0,600.0,300.0,6.4,13,4,0.6075,600.0,delivery
